Unnamed: 0,Technik,Natur,Mensch,Genetic
1,8.5998152688812,7.362155117912644,4.116822847873375,3.561984280311056
